<?xml version="1.0" encoding="utf-8"?>
<extension type="module" version="3.1.0" client="site" method="install">
    <name>phpGrid</name>
    <author>phpGrid.com</author>
    <creationDate>7, 2017</creationDate>
    <version>2.0</version>
    <description>phpGrid Joomla! 3 Integration Module</description>
    <files>
        <filename module="mod_phpgrid">mod_phpgrid.php</filename>
        <filename>index.html</filename>
        <filename>callbackstr.php</filename>
    <filename>conf.php</filename>
    <filename>data.php</filename>
    <filename>edit.php</filename>
    <filename>celledit.php</filename>
    <filename>jquery.jqgrid.js</filename>
    <filename>export.php</filename>
    <filename>masterdetail.php</filename>
    <filename>phpGrid.php</filename>
    <filename>subgrid.php</filename>
    <filename>LICENSE.TXT</filename>
        <filename>tmpl/default.php</filename>
        <filename>tmpl/index.html</filename>
        <folder>css</folder>
    <folder>examples</folder>
    <folder>js</folder>
    <folder>plugins</folder>
    <folder>server</folder>
    </files>
    <params>
    </params>
</extension>